City,Country,Lat,Lng,Date,Temperature,Max_Temperature,Min_Temperature,Humidity,Cloudiness,Wind Speed
bonham,US,33.58,-96.18,1572093971,282.13,283.15,280.93,93,90,6.7
mataura,NZ,-46.19,168.86,1572093971,290.93,290.93,290.93,57,100,4.92
upernavik,GL,72.79,-56.15,1572093971,271.31,271.31,271.31,62,65,4.62
rochester,US,44.02,-92.46,1572093971,274.87,277.15,272.59,69,1,4.1
dzemul,MX,21.21,-89.31,1572093971,296.56,297.59,295.15,100,75,1.76
cape town,ZA,-33.93,18.42,1572093821,294.26,295.93,293.15,35,20,7.2
ushuaia,AR,-54.81,-68.31,1572093971,279.15,279.15,279.15,81,90,0.88
randazzo,IT,37.88,14.95,1572093971,294.81,296.15,292.04,69,75,9.8
castro,CL,-42.48,-73.76,1572093971,283.15,283.15,283.15,81,75,3.6
khatanga,RU,71.98,102.47,1572093971,261.85,261.85,261.85,89,100,2.07
bonfim,GY,3.36,-59.84,1572093972,300.52,300.52,300.52,65,7,4.86
nemuro,JP,43.32,145.57,1572093972,285.01,285.01,285.01,89,100,8.81
okha,RU,53.59,142.95,1572093972,279.59,279.59,279.59,90,100,8.4
avarua,CK,-21.21,-159.78,1572093972,298.15,298.15,298.15,94,100,3.1
puerto ayora,EC,-0.74,-90.35,1572093972,293.68,294.15,293.15,77,90,5.1
labuhan,ID,-2.54,115.51,1572093972,297.46,297.46,297.46,89,95,0.55
lorengau,PG,-2.02,147.27,1572093972,302.34,302.34,302.34,67,100,1.37
dikson,RU,73.51,80.55,1572093972,262.91,262.91,262.91,92,98,2.44
xining,CN,36.62,101.77,1572093973,276.78,276.78,276.78,63,0,2.87
maxixe,MZ,-23.86,35.35,1572093973,307.15,307.15,307.15,56,0,8.2
nchelenge,ZM,-9.35,28.74,1572093973,301.88,301.88,301.88,52,3,4.49
hithadhoo,MV,-0.6,73.08,1572093973,301.08,301.08,301.08,78,28,5.45
robstown,US,27.79,-97.67,1572093973,283.64,286.48,280.15,62,1,8.7
santa maria,BR,-16.02,-48.01,1572093973,300.31,301.48,299.15,57,20,2.1
ahipara,NZ,-35.17,173.16,1572093973,283.15,283.15,283.15,100,0,2.97
shenjiamen,CN,29.96,122.3,1572093973,291.17,291.17,291.17,69,100,7.77
namibe,AO,-15.19,12.15,1572093973,298.15,298.15,298.15,65,20,6.7
kodiak,US,39.95,-94.76,1572093974,272.53,274.26,270.37,79,1,2.6
tuktoyaktuk,CA,69.44,-133.03,1572093974,265.29,265.29,265.29,93,98,3.85
bambous virieux,MU,-20.34,57.76,1572093974,299.66,300.15,299.26,69,40,4.6
sao filipe,CV,14.9,-24.5,1572093974,299.31,299.31,299.31,84,45,1.81
hobart,AU,-42.88,147.33,1572093870,281.41,282.15,280.37,61,75,4.1
victoria,BN,5.28,115.24,1572093853,298.02,299.15,297.15,88,75,2.1
tigil,RU,57.8,158.67,1572093974,269.69,269.69,269.69,87,96,3.13
naryan-mar,RU,67.67,53.09,1572093974,268.56,268.56,268.56,94,100,8.69
ribeira grande,PT,38.52,-28.7,1572093974,292.15,292.15,292.15,82,75,8.2
jamestown,AU,-33.21,138.6,1572093974,279.67,279.67,279.67,80,0,3.12
punta arenas,CL,-53.16,-70.91,1572093975,278.92,279.15,278.71,87,90,4.6
kavieng,PG,-2.57,150.8,1572093975,302.13,302.13,302.13,66,100,0.87
saint-georges,CA,46.12,-70.67,1572093975,276.48,276.48,276.48,94,55,0.45
longyearbyen,NO,78.22,15.63,1572093975,270.15,270.15,270.15,86,90,1.5
port alfred,ZA,-33.59,26.89,1572093975,294.82,294.82,294.82,78,68,0.45
hermanus,ZA,-34.42,19.24,1572093975,295.37,295.37,295.37,43,15,3.13
ilulissat,GL,69.22,-51.1,1572093975,272.15,272.15,272.15,50,20,1.5
arraial do cabo,BR,-22.97,-42.02,1572093975,299.18,300.15,298.15,83,90,3.6
east london,ZA,-33.02,27.91,1572093976,296.15,296.15,296.15,64,20,7.2
rikitea,PF,-23.12,-134.97,1572093976,295.01,295.01,295.01,83,34,10.37
severo-kurilsk,RU,50.68,156.12,1572093976,274.22,274.22,274.22,88,100,4.08
vokhtoga,RU,58.81,41.03,1572093976,282.61,282.61,282.61,72,100,6.46
argelia,CO,4.73,-76.12,1572093976,292.13,293.15,291.15,88,40,1
kapaa,US,22.08,-159.32,1572093976,297.56,300.15,296.15,74,75,4.1
bluff,AU,-23.58,149.07,1572093976,293.91,293.91,293.91,72,7,6.39
airai,TL,-8.93,125.41,1572093976,291.61,291.61,291.61,82,49,1.15
san isidro,CR,10.02,-84.06,1572093976,291.4,292.15,290.93,100,90,1
albany,US,42.65,-73.75,1572093976,278.79,281.48,276.48,87,40,2.6
kulunda,RU,52.57,78.94,1572093977,278.92,278.92,278.92,78,100,5.62
kaeo,NZ,-35.1,173.78,1572093977,282.86,283.15,282.59,100,0,3.1
muros,ES,42.77,-9.06,1572093977,292.31,294.26,290.37,68,96,3.6
nuuk,GL,64.17,-51.74,1572093754,274.15,274.15,274.15,69,40,1
san patricio,PY,-26.98,-56.83,1572093977,296.97,296.97,296.97,55,0,3.19
luba,PH,17.32,120.7,1572093977,297.22,297.22,297.22,83,12,2.09
ondangwa,NA,-17.91,15.98,1572093977,310.15,310.15,310.15,7,5,2.1
sabha,LY,27.03,14.43,1572093977,303.14,303.14,303.14,19,62,4.76
timra,SE,62.49,17.33,1572093978,280.53,281.15,280.15,52,29,5.7
kjollefjord,NO,70.95,27.35,1572093978,270,270,270,78,97,4.63
hasaki,JP,35.73,140.83,1572093978,290.56,292.15,289.82,88,40,1.5
lircay,PE,-12.99,-74.72,1572093978,288.15,288.15,288.15,51,75,1
itarema,BR,-2.92,-39.92,1572093978,305.46,305.46,305.46,46,70,5.47
acton,CA,43.63,-80.04,1572093978,274.02,278.15,270.15,100,1,1.44
maidens,GB,55.33,-4.81,1572093978,281.55,282.59,279.82,65,40,10.8
krasnogvardeyskiy,RU,57.38,62.32,1572093978,280.29,280.29,280.29,80,99,5.2
leningradskiy,RU,69.38,178.42,1572093978,263.82,263.82,263.82,62,0,2.73
haifa,IL,32.82,35,1572093978,297.84,299.26,295.15,50,20,2.6
bethel,US,60.79,-161.76,1572093979,279.14,280.15,278.15,81,75,4.1
qaanaaq,GL,77.48,-69.36,1572093979,261.41,261.41,261.41,85,81,0.68
tulu bolo,ET,8.66,38.21,1572093979,296.16,296.16,296.16,45,0,4.83
new norfolk,AU,-42.78,147.06,1572093979,281.42,282.15,280.37,61,75,4.1
aksha,RU,50.28,113.29,1572093979,271.21,271.21,271.21,71,66,4.34
barrow,AR,-38.31,-60.23,1572093979,288.18,288.18,288.18,89,100,3.21
kieta,PG,-6.22,155.63,1572093979,301.03,301.03,301.03,73,100,2.39
northam,AU,-31.65,116.67,1572093979,294.15,294.15,294.15,60,93,4.1
dahra,DZ,36.25,0.85,1572093979,295.15,295.15,295.15,40,0,1
tasiilaq,GL,65.61,-37.64,1572093979,270.15,270.15,270.15,73,5,1
hilo,US,19.71,-155.08,1572093980,295.04,297.15,293.15,78,90,1.5
kankan,GN,10.38,-9.3,1572093980,304.27,304.27,304.27,55,8,1.85
redmond,US,47.67,-122.12,1572093963,279.24,281.48,277.04,93,75,0.43
butaritari,KI,3.07,172.79,1572093980,302.57,302.57,302.57,68,95,4.94
uarini,BR,-2.98,-65.16,1572093980,298.15,298.15,298.15,100,100,0.56
sampit,ID,-2.54,112.95,1572093980,297.68,297.68,297.68,92,98,0.76
kokopo,PG,-4.34,152.27,1572093980,301.46,301.46,301.46,73,85,1.25
yellowknife,CA,62.45,-114.38,1572093980,263.15,263.15,263.15,85,75,4.1
torbay,CA,47.66,-52.73,1572093980,278.82,279.82,278.15,86,75,6.7
oxelosund,SE,58.67,17.1,1572093981,281.23,282.15,280.15,93,75,5.1
guasdualito,VE,7.24,-70.73,1572093981,296.15,296.15,296.15,94,20,1.5
tomigusuku,JP,26.18,127.67,1572093981,295.39,297.15,294.15,64,20,3.1
cap-aux-meules,CA,47.38,-61.86,1572093981,279.15,279.15,279.15,81,75,1.5
thompson,CA,55.74,-97.86,1572093729,274.15,274.15,274.15,96,90,5.7
atasu,KZ,48.68,71.64,1572093981,282.22,282.22,282.22,74,78,1.66
georgetown,GY,6.8,-58.16,1572093707,302.08,303.15,301.15,74,75,3.1
mar del plata,AR,-46.43,-67.52,1572093981,289.41,289.41,289.41,37,59,10.56
deputatskiy,RU,69.3,139.9,1572093982,256.47,256.47,256.47,79,100,0.38
gurgentepe,TR,40.79,37.6,1572093982,291.15,291.15,291.15,88,75,5.7
ulcinj,ME,41.93,19.22,1572093982,297.86,300.15,295.93,26,0,1.5
nong khae,TH,14.34,100.87,1572093982,305,307.04,303.71,62,20,2.1
manoel urbano,BR,-8.84,-69.26,1572093982,299.65,299.65,299.65,65,84,0.8
jardim,BR,-21.48,-56.15,1572093982,300.97,300.97,300.97,43,100,3.09
sarangani,PH,5.4,125.46,1572093982,302.13,302.13,302.13,75,68,6.21
cayenne,GF,4.94,-52.33,1572093982,304.15,304.15,304.15,62,40,3.6
champerico,MX,16.38,-93.6,1572093983,294.15,294.15,294.15,100,75,1
point pedro,LK,9.82,80.23,1572093983,299.71,299.71,299.71,82,100,7.26
bathsheba,BB,13.22,-59.52,1572093983,303.15,303.15,303.15,62,40,5.1
maniitsoq,GL,65.42,-52.9,1572093983,275.72,275.72,275.72,66,62,3.76
port blair,IN,11.67,92.75,1572093983,302.32,302.32,302.32,71,15,3.25
brawley,US,32.98,-115.53,1572093946,288.01,289.26,286.15,26,1,2.1
marovoay,MG,-16.11,46.64,1572093983,305.15,305.15,305.15,59,20,7.2
calbuco,CL,-41.77,-73.13,1572093983,283.15,283.15,283.15,93,90,2.6
bredasdorp,ZA,-34.53,20.04,1572093984,294.15,294.15,294.15,46,77,2.6
elizabeth city,US,36.3,-76.22,1572093984,288.47,290.93,286.15,93,20,2.12
macau,BR,-5.11,-36.64,1572093984,300.76,300.76,300.76,74,32,4.95
tanout,NE,14.97,8.88,1572093984,308.04,308.04,308.04,16,34,4.31
kangasala,FI,61.46,24.07,1572093984,279.49,279.82,279.15,75,92,3.1
rio grande,BR,-32.03,-52.1,1572093984,297.66,298.15,297.15,38,0,4.1
funtua,NG,11.52,7.31,1572093984,302.31,302.31,302.31,47,89,1.63
provideniya,RU,64.42,-173.23,1572093984,269.11,269.11,269.11,95,100,16.04
shaoxing,CN,30,120.58,1572093984,290.64,292.59,288.71,82,75,2
tuatapere,NZ,-46.13,167.69,1572093985,290.93,290.93,290.93,57,99,4.92
saint-francois,FR,46.42,3.91,1572093985,294.73,295.93,293.15,60,0,2.1
bosaso,SO,11.28,49.18,1572093985,302.15,302.15,302.15,74,73,4.1
hirado,JP,33.32,129.49,1572093985,290.04,290.15,289.82,67,75,4.1
eureka,US,40.8,-124.16,1572093985,283.79,285.15,279.82,93,90,2.1
banff,CA,51.18,-115.57,1572093724,271.48,271.48,271.48,68,100,4.02
katsuura,JP,33.93,134.5,1572093985,290.82,292.15,290.15,77,75,3.6
bilibino,RU,68.06,166.44,1572093985,252.13,252.13,252.13,80,0,1.11
saskylakh,RU,71.97,114.09,1572093986,255.51,255.51,255.51,95,53,4.22
faanui,PF,-16.48,-151.75,1572093986,299.16,299.16,299.16,77,66,6.86
haines junction,CA,60.75,-137.51,1572093986,263.66,263.66,263.66,86,30,2.03
tiksi,RU,71.64,128.87,1572093986,259.64,259.64,259.64,87,91,1.18
broken hill,AU,-31.97,141.45,1572093986,289.15,289.15,289.15,23,0,3.1
vanavara,RU,60.35,102.28,1572093986,266.32,266.32,266.32,86,100,5.83
atuona,PF,-9.8,-139.03,1572093986,299.04,299.04,299.04,70,0,2.66
vaini,IN,15.34,74.49,1572093986,296.15,296.15,296.15,83,75,4.1
muriti,TZ,-1.99,32.93,1572093986,300.15,300.15,300.15,61,40,5.1
busselton,AU,-33.64,115.35,1572093987,290.17,291.48,288.71,48,100,5.3
vostok,RU,46.45,135.83,1572093987,271.73,271.73,271.73,97,100,3.77
pustoshka,RU,56.34,29.37,1572093987,285.16,285.16,285.16,68,88,5.65
poso,ID,-1.4,120.75,1572093987,293.67,293.67,293.67,92,100,0.85
marfino,RU,56.07,37.56,1572093987,285.85,287.04,285.15,62,100,8
geraldton,CA,49.72,-86.95,1572093987,278.15,278.15,278.15,80,75,2.6
mitsamiouli,KM,-11.38,43.28,1572093987,305.15,305.15,305.15,49,40,6.2
sur,OM,22.57,59.53,1572093987,304.26,304.26,304.26,31,40,4.35
taoudenni,ML,22.68,-3.98,1572093987,305.02,305.02,305.02,8,60,7.56
ipojuca,BR,-8.4,-35.06,1572093987,301.15,301.15,301.15,69,40,5.7
fukue,JP,35.03,136.69,1572093988,290.71,292.15,289.26,77,20,5.1
pestyaki,RU,56.71,42.67,1572093988,282.85,282.85,282.85,80,100,5.83
porbandar,IN,21.64,69.61,1572093988,303.87,303.87,303.87,62,100,8.93
cabo san lucas,MX,22.89,-109.91,1572093870,292.3,296.48,287.59,77,5,4.6
stawell,AU,-37.06,142.77,1572093988,277.89,277.89,277.89,85,8,2.41
puerto ayacucho,CO,5.66,-67.63,1572093988,299.15,299.15,299.15,88,75,1.04
port elizabeth,US,39.31,-74.98,1572093988,286.03,288.71,283.15,93,90,1.5
kaitangata,NZ,-46.28,169.85,1572093988,287.68,287.68,287.68,68,94,5.52
pocone,BR,-16.26,-56.62,1572093988,304.74,304.74,304.74,51,92,0.89
nikolskoye,RU,59.7,30.79,1572093988,280.69,281.15,280.37,93,90,3
iqaluit,CA,63.75,-68.52,1572093988,273.64,274.15,273.15,81,75,1
salto,BR,-23.2,-47.29,1572093988,300.77,303.15,298.15,57,27,4.1
biak,ID,-0.91,122.88,1572093989,301.33,301.33,301.33,76,1,3.59
saldanha,PT,41.42,-6.55,1572093989,293.23,293.23,293.23,39,31,3.23
nouakchott,MR,18.08,-15.98,1572093989,310.15,310.15,310.15,25,49,6.2
mecca,SA,21.43,39.83,1572093743,306.98,306.98,306.98,24,15,5.55
berlevag,NO,70.86,29.09,1572093989,272.94,272.94,272.94,69,100,6.65
kruisfontein,ZA,-34,24.73,1572093989,291.79,291.79,291.79,60,69,5.76
avera,US,33.19,-82.53,1572093989,291.68,293.15,290.37,93,90,3.1
makinsk,KZ,52.63,70.42,1572093989,280,280,280,80,94,4.8
vytegra,RU,61.01,36.45,1572093989,280.85,280.85,280.85,59,2,7.26
norman wells,CA,65.28,-126.83,1572093916,267.15,267.15,267.15,92,90,1.75
hinton,CA,53.4,-117.57,1572093990,270.14,270.14,270.14,93,96,4.91
caravelas,BR,-17.73,-39.27,1572093990,300.21,300.21,300.21,74,86,3.98
esperance,AU,-33.86,121.89,1572093990,287.15,287.15,287.15,87,12,4.1
chuy,UY,-33.69,-53.46,1572093990,291.79,291.79,291.79,66,0,3.3
fallon,US,46.84,-105.12,1572093990,276.58,277.04,276.15,69,40,10.8
roald,NO,62.58,6.12,1572093990,280.39,283.15,277.04,46,44,4.6
beloha,MG,-25.17,45.06,1572093990,310.02,310.02,310.02,25,69,6.7
shalya,RU,57.25,58.73,1572093991,280.6,280.6,280.6,79,98,6.96
grindavik,IS,63.84,-22.43,1572093991,275.15,275.15,275.15,64,20,5.1
coihaique,CL,-45.58,-72.07,1572093991,281.59,282.15,281.15,81,75,1.5
tabuk,PH,17.41,121.44,1572093991,295.9,295.9,295.9,91,25,3.62
tazovskiy,RU,67.47,78.7,1572093991,265.96,265.96,265.96,96,98,5.44
madimba,CM,4.42,9.93,1572093992,304.15,304.15,304.15,74,75,3.1
port-gentil,GA,-0.72,8.78,1572093992,303.15,303.15,303.15,79,40,5.1
adrar,DZ,27.87,-0.29,1572093992,300.15,300.15,300.15,22,3,5.1
tessalit,ML,20.2,1.01,1572093992,308.29,308.29,308.29,12,0,4.19
yumen,CN,40.29,97.04,1572093992,280.6,280.6,280.6,20,0,5.95
hope,US,33.67,-93.59,1572093992,284.83,285.15,284.26,93,90,4.1
pundaguitan,PH,6.37,126.17,1572093992,300.73,300.73,300.73,74,88,2.52
bay roberts,CA,47.58,-53.28,1572093992,278.82,279.82,278.15,86,75,6.7
plettenberg bay,ZA,-34.05,23.37,1572093992,288.68,288.68,288.68,77,41,2.68
mehamn,NO,71.03,27.85,1572093992,270.23,270.23,270.23,77,100,4.42
frederico westphalen,BR,-27.36,-53.4,1572093992,303.71,303.71,303.71,38,0,3.46
maragogi,BR,-9.01,-35.22,1572093993,299.53,299.53,299.53,79,57,6.9
portland,US,43.66,-70.25,1572093974,280.87,282.59,279.15,93,75,1.5
hofn,IS,64.25,-15.21,1572093993,276.83,276.83,276.83,60,99,10.47
tinskoy,RU,56.15,96.92,1572093993,269.35,269.35,269.35,80,100,1.51
tautira,PF,-17.73,-149.15,1572093993,297.09,297.15,297.04,73,20,1.5
at-bashi,KG,41.17,75.81,1572093993,269.01,269.01,269.01,46,0,1.37
goderich,CA,43.74,-81.71,1572093993,272.21,273.15,271.48,83,48,2.49
sao joao da barra,BR,-21.64,-41.05,1572093993,300.67,301.15,300.15,78,75,5.1
alfter,DE,50.74,7.01,1572093993,292.56,294.82,289.15,60,98,4.6
lagoa,PT,37.14,-8.45,1572093994,295.27,298.15,293.15,68,0,6.2
nanortalik,GL,60.14,-45.24,1572093994,275.3,275.3,275.3,75,100,4.64
mahebourg,MU,-20.41,57.7,1572093994,299.65,300.15,299.26,69,40,4.6
ramhormoz,IR,31.28,49.6,1572093994,304.6,304.6,304.6,24,87,2.03
labuan,BN,5.28,115.24,1572093994,298.02,299.15,297.15,88,75,2.1
isangel,VU,-19.55,169.27,1572093994,295.15,295.15,295.15,68,20,3.1
belmonte,PT,40.36,-7.35,1572093994,294.21,295.93,289.82,59,75,2.26
ivnya,RU,51.06,36.14,1572093994,281.15,281.15,281.15,100,90,2
svetlogorsk,RU,53.14,59.15,1572093994,283.15,283.15,283.15,71,75,6
manacapuru,BR,-3.3,-60.62,1572093995,298.15,298.15,298.15,83,40,3.1
payo,ID,-3.75,103.64,1572093995,299.04,299.04,299.04,54,46,1.51
oranjemund,ZA,-28.55,16.43,1572093995,293.88,293.88,293.88,57,10,7.05
vardo,US,39.62,-77.74,1572093995,284.48,287.04,281.48,76,75,1.5
cidreira,BR,-30.17,-50.22,1572093995,292.76,292.76,292.76,82,0,8.64
yar-sale,RU,66.83,70.83,1572093995,262.25,262.25,262.25,87,14,3.06
rudnogorsk,RU,57.27,103.75,1572093995,264.56,264.56,264.56,92,89,2.3
jacareacanga,BR,-6.22,-57.76,1572093995,302.47,302.47,302.47,58,85,1.22
klaksvik,FO,62.23,-6.59,1572093995,280.15,280.15,280.15,87,81,11.3
egvekinot,RU,66.32,-179.17,1572093996,260.03,260.03,260.03,70,0,2.79
la ronge,CA,55.1,-105.3,1572093996,272.15,272.15,272.15,86,90,7.7
lompoc,US,34.64,-120.46,1572093996,284.75,287.59,281.15,49,1,2.1
clonakilty,IE,51.62,-8.87,1572093996,281.68,282.04,281.15,70,20,6.2
tabou,CI,4.42,-7.36,1572093996,302.64,302.64,302.64,70,100,3.18
baft,IR,29.23,56.61,1572093996,293.42,293.42,293.42,21,28,5.23
formosa,BR,-15.55,-47.33,1572093996,298.72,298.72,298.72,61,100,2.68
erzurum,TR,39.91,41.27,1572093996,288.15,288.15,288.15,26,40,2.1
talnakh,RU,69.49,88.39,1572093996,267.15,267.15,267.15,92,75,6
clyde river,CA,70.47,-68.59,1572093996,272.15,272.15,272.15,92,90,7.2
minas novas,BR,-17.22,-42.59,1572093652,301.27,301.27,301.27,56,50,2.22
sistranda,NO,63.73,8.83,1572093997,280.17,281.48,278.15,75,40,3.6
souillac,FR,45.6,-0.6,1572093998,294.15,294.82,293.15,60,82,3.6
channel-port aux basques,CA,47.57,-59.14,1572093998,280.01,280.01,280.01,78,9,6.86
aripuana,BR,-9.17,-60.63,1572093998,300.97,300.97,300.97,70,100,1.02
nyalikungu,TZ,-2.6,33.44,1572093998,300.15,300.15,300.15,61,40,5.1
pashkovskiy,RU,45.02,39.1,1572093998,291.75,293.71,289.15,63,76,0.82
kavaratti,IN,10.57,72.64,1572093998,301.2,301.2,301.2,77,16,9.71
svencionys,LT,55.15,26.17,1572093998,287.49,287.49,287.49,72,100,6.12
laguna,BZ,16.17,-88.94,1572093998,296.15,296.15,296.15,100,100,1.46
nome,US,30.04,-94.42,1572093999,284.1,285.15,283.15,100,90,5.1
evensk,RU,61.92,159.24,1572093999,264.23,264.23,264.23,89,100,2.42
saint george,GR,39.45,22.34,1572093999,297.61,298.15,297.15,36,0,0.62
wajir,KE,1.75,40.07,1572093999,298.15,298.15,298.15,94,75,5.1
vilhena,BR,-12.74,-60.15,1572093999,294.15,294.15,294.15,100,40,3.1
lebu,ET,8.96,38.73,1572093999,296.15,296.15,296.15,31,20,6.2
zaporizhzhya,UA,47.82,35.18,1572093999,288.49,290.15,287.15,63,0,4
solnechnyy,RU,50.72,136.64,1572093999,277.55,277.55,277.55,99,100,0.97
saint-philippe,CA,45.36,-73.48,1572093999,277.45,279.26,274.82,93,75,2.1
krk,HR,45.03,14.57,1572093999,295.97,297.15,294.15,36,0,2.1
pitimbu,BR,-7.47,-34.81,1572093999,300.15,300.15,300.15,78,75,5.1
samarai,PG,-10.62,150.67,1572093999,297.47,297.47,297.47,92,98,1.54
dingle,PH,11,122.67,1572094000,298.1,298.1,298.1,85,86,4.45
churapcha,RU,62,132.43,1572094000,260.93,260.93,260.93,94,0,1.14
mezhdurechenskiy,RU,59.59,65.91,1572094000,278.31,278.31,278.31,85,100,5.98
port-cartier,CA,50.03,-66.88,1572094000,275.48,275.93,275.15,80,75,2.1
bagan,RU,54.1,77.67,1572094000,276.65,276.65,276.65,85,99,3
rio gallegos,AR,-51.62,-69.22,1572094000,283.15,283.15,283.15,57,100,2.6
chute-aux-outardes,CA,49.12,-68.38,1572094000,276.17,277.04,275.15,83,1,1
varna,BG,43.22,27.9,1572093847,291.65,292.04,291.15,59,75,2.1
saint anthony,US,43.97,-111.68,1572094000,275.26,280.15,271.15,79,1,2.1
makakilo city,US,21.35,-158.09,1572094001,297.65,299.15,295.93,83,40,2.1
port lincoln,AU,-34.72,135.86,1572094001,283.01,283.01,283.01,83,8,3.86
emirdag,TR,39.02,31.15,1572094001,289.23,289.23,289.23,41,0,3.72
lasa,CY,34.92,32.53,1572094001,300.21,301.15,298.15,61,20,5.7
saint-gabriel,CA,46.3,-73.38,1572094001,275.98,276.48,275.37,93,20,1.5
manono,CD,-7.3,27.4,1572094001,304.48,304.48,304.48,52,20,1.38
los llanos de aridane,ES,28.66,-17.92,1572094001,297.6,298.15,297.04,57,75,6.7
kamenka,MD,48.03,28.7,1572094001,291.11,291.11,291.11,48,0,1.47
faya,SA,18.39,42.45,1572094001,298.7,300.15,297.15,33,20,3.6
beihai,CN,38.95,121.19,1572094001,285.39,287.59,283.15,61,23,2
am timan,TD,11.04,20.28,1572094002,305.18,305.18,305.18,52,60,2.3
sao felix do xingu,BR,-6.64,-51.99,1572094002,299.81,299.81,299.81,78,15,1.44
inhambane,MZ,-23.87,35.38,1572094002,307.15,307.15,307.15,56,0,8.2
jesus carranza,MX,31.49,-106.24,1572094002,277.07,279.26,273.15,37,1,0.42
luderitz,NA,-26.65,15.16,1572094002,297.15,297.15,297.15,53,0,6.7
guerrero negro,MX,27.97,-114.04,1572094002,290.83,290.83,290.83,36,0,0.88
carnarvon,ZA,-30.97,22.13,1572094002,296.2,296.2,296.2,14,0,7.79
igurubi,TZ,-4,33.71,1572094002,306.94,306.94,306.94,18,12,3.82
pevek,RU,69.7,170.27,1572094002,258.68,258.68,258.68,80,0,4.83
te anau,NZ,-45.41,167.72,1572094003,283.63,283.63,283.63,91,71,2.99
negombo,LK,7.21,79.83,1572094003,299.15,299.15,299.15,88,75,1.5
carlagan,PH,14.97,122.05,1572094003,300.22,300.22,300.22,80,46,7.37
flinders,AU,-34.58,150.85,1572094003,290.91,292.04,289.26,25,0,5.1
bucyrus,US,40.81,-82.98,1572094003,281.08,283.71,278.15,93,1,3.6
vanimo,PG,-2.67,141.3,1572094003,301.01,301.01,301.01,72,1,0.55
pangkalanbuun,ID,-2.68,111.62,1572094003,297.63,297.63,297.63,92,100,0.38
ponta do sol,BR,-20.63,-46,1572094003,298.78,298.78,298.78,62,0,2.09
bonavista,CA,48.65,-53.11,1572094003,279.26,279.26,279.26,86,3,3.58
grants pass,US,42.44,-123.33,1572093770,281.64,283.15,279.82,61,1,3.6
cabedelo,BR,-6.97,-34.84,1572094004,300.15,300.15,300.15,78,75,5.1
vila franca do campo,PT,37.72,-25.43,1572094004,292.15,292.15,292.15,93,75,3.1
batagay,RU,67.65,134.64,1572094004,257.66,257.66,257.66,95,100,0.29
colares,PT,38.8,-9.45,1572094004,293.55,295.93,292.04,68,40,2.6
brasilia de minas,BR,-16.21,-44.43,1572094004,301.83,301.83,301.83,48,90,2.65
abu dhabi,AE,24.47,54.37,1572093786,309.63,310.15,309.15,23,0,4.6
blagoyevo,RU,63.37,47.92,1572094004,278.26,278.26,278.26,80,100,6.67
mahon,IE,51.89,-8.4,1572093870,281.79,282.04,281.15,70,20,6.2
lac-megantic,CA,45.58,-70.88,1572094004,275.76,276.48,274.15,100,75,1.5
kasaragod,IN,12.5,75,1572094004,296.15,296.15,296.15,94,75,3.1
laguna de perlas,NI,12.34,-83.67,1572094005,298.81,298.81,298.81,87,89,4.63
fortuna,US,40.6,-124.16,1572094005,283.02,285.15,279.26,93,90,1.82
ulladulla,AU,-35.36,150.48,1572094005,287.87,290.37,283.15,25,0,5.1
baijiantan,CN,45.63,85.18,1572094005,285.51,285.51,285.51,30,39,4.72
hamilton,CA,43.26,-79.87,1572093603,274.97,278.15,271.48,86,75,1.44
beya,RU,53.05,90.92,1572094005,272.18,272.18,272.18,86,100,8.31
kurilsk,RU,45.23,147.88,1572094005,281.93,281.93,281.93,95,100,9.98
sarahan,IN,31.51,77.79,1572094005,275.53,275.53,275.53,60,0,1.39
lucea,JM,18.44,-78.17,1572094005,299.2,299.26,299.15,78,75,1.5
timbiqui,CO,2.77,-77.67,1572094006,296.03,296.03,296.03,97,100,1.42
zhigansk,RU,66.77,123.37,1572094006,261.95,261.95,261.95,85,84,3.84
port macquarie,AU,-31.43,152.91,1572094006,293.5,294.26,292.04,60,90,4.6
arys,KZ,42.43,68.8,1572094006,291.15,291.15,291.15,22,0,1.83
marawi,PH,8,124.29,1572094006,295.93,295.93,295.93,95,100,3.58
yichang,CN,30.77,111.32,1572094006,284.27,284.27,284.27,75,100,1.24
chicama,PE,-7.84,-79.15,1572094006,290.15,290.15,290.15,82,90,4.1
aklavik,CA,68.22,-135.01,1572093963,263.15,263.15,263.15,92,75,1
igarka,RU,67.47,86.57,1572094006,261.72,261.72,261.72,95,99,4.37
codrington,AU,-28.95,153.24,1572094007,294.54,296.15,293.71,68,2,4.6
saint-joseph,FR,43.56,6.97,1572094007,295.5,297.15,293.71,56,0,2.1
edd,ER,13.93,41.69,1572094007,311.35,311.35,311.35,13,1,4.67
yarada,IN,17.65,83.27,1572094007,302.15,302.15,302.15,74,40,2.1
alofi,NU,-19.06,-169.92,1572094007,296.15,296.15,296.15,94,100,3.1
gondar,PT,41.82,-8.78,1572094007,292.92,294.26,292.15,63,97,6.7
baneh,IR,35.99,45.88,1572094007,296.15,296.15,296.15,40,40,2.6
benjamin constant,BR,-4.38,-70.03,1572094007,299.15,299.15,299.15,88,40,0.62
surt,LY,31.21,16.59,1572094008,300.4,300.4,300.4,46,2,4.79
mount gambier,AU,-37.83,140.78,1572094008,283.15,283.15,283.15,81,75,4.1
dongsheng,CN,29.72,112.52,1572094008,286.1,286.1,286.1,62,100,3.02
youghal,IE,51.95,-7.85,1572094008,281.71,282.59,280.37,70,20,6.2
mayo,CA,63.59,-135.9,1572094008,259.15,259.15,259.15,84,75,0.23
hobyo,SO,5.35,48.53,1572094008,302.93,302.93,302.93,62,19,4.92
mnogovershinnyy,RU,53.94,139.92,1572094008,275.89,275.89,275.89,99,100,0.89
benghazi,LY,32.12,20.07,1572094008,297.42,297.42,297.42,51,0,4.01
aktau,KZ,43.65,51.16,1572094008,294.15,294.15,294.15,21,0,6
kananga,CD,-5.9,22.41,1572094008,301.77,301.77,301.77,74,100,1.14
wum,CM,6.39,10.08,1572094009,297.59,297.59,297.59,80,97,1.53
gigmoto,PH,13.78,124.39,1572094009,301.73,301.73,301.73,81,83,9.42
dehloran,IR,32.69,47.27,1572094009,303.4,303.4,303.4,26,0,2.18
raudeberg,NO,61.99,5.14,1572094009,281.29,282.04,280.93,70,85,7.7
meadow lake,CA,54.13,-108.44,1572094009,270.15,270.15,270.15,86,90,7.2
antofagasta,CL,-23.65,-70.4,1572094009,289.15,289.15,289.15,63,90,2.1
diu,IN,20.71,70.98,1572094009,301.04,301.04,301.04,79,100,11.32
touros,BR,-5.2,-35.46,1572094009,301.15,301.15,301.15,69,75,6.7
portel,BR,-1.94,-50.82,1572094009,303.02,303.02,303.02,62,0,2.18
maltahohe,NA,-24.83,16.98,1572094010,303.54,303.54,303.54,11,0,9.52
kibala,TD,9.11,18.35,1572094010,303.15,303.15,303.15,62,20,2.1
vila velha,BR,-3.71,-38.6,1572094010,301.99,303.15,300.93,58,75,8.2
chokurdakh,RU,70.62,147.9,1572094010,249.78,249.78,249.78,84,40,1.37
kloulklubed,PW,7.04,134.26,1572094010,299.15,299.15,299.15,88,75,3.6
rawson,AR,-43.3,-65.11,1572094010,289.21,289.21,289.21,47,100,6.06
ponta delgada,PT,37.73,-25.67,1572093845,292.15,292.15,292.15,93,75,3.1
sagauli,IN,26.78,84.73,1572094010,296.99,296.99,296.99,67,29,1.97
hervey bay,AU,-25.3,152.85,1572094010,295.15,295.15,295.15,68,40,4.6
sayhat,SA,26.49,50.04,1572093731,306.83,309.15,305.15,62,20,4.6
chumikan,RU,54.72,135.31,1572094011,274.03,274.03,274.03,82,100,3.71
shaunavon,CA,49.65,-108.41,1572094011,272.16,272.16,272.16,71,82,9.28
netanya,IL,32.33,34.86,1572094011,297.57,299.15,296.48,50,90,4.1
pasni,PK,25.26,63.48,1572094011,304.65,304.65,304.65,30,0,7.08
sitka,US,37.17,-99.65,1572094011,271.15,273.71,268.71,77,0,3.13
padang,ID,-0.92,100.36,1572094011,293.98,293.98,293.98,98,99,0.32
shuyskoye,RU,59.37,41.03,1572094011,282.44,282.44,282.44,71,100,7.23
miraflores,PE,-16.39,-71.52,1572094011,292.15,292.15,292.15,13,3,1.51
turinskaya sloboda,RU,57.62,64.39,1572094011,280.48,280.48,280.48,81,98,6.7
noyabrsk,RU,63.2,75.45,1572094011,264.16,264.16,264.16,94,69,4.94
berdigestyakh,RU,62.1,126.7,1572094012,264.56,264.56,264.56,94,15,2.98
coquimbo,CL,-29.95,-71.34,1572094012,291.48,295.37,286.15,82,75,3.1
diego de almagro,CL,-26.39,-70.05,1572094012,292.05,292.05,292.05,32,0,1.56
horodyshche,UA,50.76,29.29,1572094012,286.15,286.15,286.15,82,30,2
ratanpur,BD,23.79,90.91,1572094012,298.67,299.15,298.15,94,75,1.5
bindki,IN,26.04,80.58,1572094012,298.66,298.66,298.66,55,28,1.33
seydi,NE,13.34,7.75,1572094012,308.15,308.15,308.15,36,38,3.1
umm lajj,SA,25.02,37.27,1572094012,302.31,302.31,302.31,22,0,6.33
cherskiy,RU,68.75,161.3,1572094012,255.93,255.93,255.93,75,20,4.8
vao,EE,59.1,26.19,1572094013,283.33,283.33,283.33,89,100,8.42
lavrentiya,RU,65.58,-170.99,1572094013,270.65,270.65,270.65,80,100,12.96
port hardy,CA,50.7,-127.42,1572094013,280.15,280.15,280.15,87,20,2.1
umm kaddadah,SD,13.6,26.69,1572094013,306.45,306.45,306.45,14,1,6.92
narsaq,GL,60.91,-46.05,1572094013,270.15,270.15,270.15,49,20,2.1
saint-augustin,CA,45.63,-73.98,1572094013,277.13,279.26,274.15,100,20,2.1
pangnirtung,CA,66.15,-65.72,1572094013,274.47,274.47,274.47,89,100,4.4
kalabo,ZM,-15,22.67,1572094013,304.87,304.87,304.87,33,83,2.18
comodoro rivadavia,AR,-45.87,-67.48,1572093754,290.15,290.15,290.15,55,40,2.1
fort nelson,CA,58.81,-122.69,1572094014,271.15,271.15,271.15,86,75,1
sesheke,NA,-17.47,24.29,1572094014,312.15,312.15,312.15,15,20,3.1
kysyl-syr,RU,63.9,122.77,1572094014,263.08,263.08,263.08,95,99,3.51
araguaina,BR,-7.19,-48.21,1572094014,304.29,304.29,304.29,55,47,1.1
carutapera,BR,-1.2,-46.02,1572094014,300.89,300.89,300.89,77,23,6.95
lumberton,US,30.27,-94.2,1572094014,284.87,286.15,283.71,87,90,4.6
muzhi,RU,65.4,64.7,1572094014,268.52,268.52,268.52,95,100,6.9
sisimiut,GL,66.94,-53.67,1572094014,271.35,271.35,271.35,64,39,5.18
caruray,PH,10.31,119.01,1572094014,302.15,302.15,302.15,79,20,5.1
pisco,PE,-13.71,-76.2,1572094014,292.19,295.15,289.82,30,90,3.1
halifax,CA,44.65,-63.58,1572093919,280.15,281.48,278.71,87,90,2.1
boueni,YT,-12.9,45.08,1572094015,304.15,304.15,304.15,66,0,3.1
honningsvag,NO,70.98,25.97,1572094015,273.17,273.17,273.17,69,100,5.99
usinsk,RU,66,57.56,1572094015,270.01,270.01,270.01,96,100,7.86
toora-khem,RU,52.47,96.11,1572094015,269.92,269.92,269.92,80,100,1.62
ornes,FR,49.25,5.47,1572094015,291.12,293.71,289.15,72,60,4.1
huntsville,US,34.73,-86.59,1572093910,293.6,294.82,292.04,88,90,7.2
nebbi,UG,2.48,31.09,1572094015,298.45,298.45,298.45,68,28,3.49
fort-shevchenko,KZ,44.51,50.26,1572094015,292.31,292.31,292.31,23,0,2.82
ionesti,RO,44.85,24.23,1572094015,288.15,288.15,288.15,82,75,2.6
mmathubudukwane,BW,-24.61,26.43,1572094015,310.15,310.15,310.15,17,40,3.1
buala,SB,-8.15,159.59,1572094016,299.37,299.37,299.37,83,100,2.23
batagay-alyta,RU,67.8,130.41,1572094016,255.99,255.99,255.99,82,89,1.64
constitucion,MX,23.99,-104.67,1572094016,279.82,279.82,279.82,69,0,1.79
marzuq,YE,14.4,46.47,1572094016,303.19,303.19,303.19,12,62,5.5
nioro,GM,13.79,-15.05,1572094016,307.14,307.14,307.14,42,100,4.22
khorixas,NA,-20.37,14.96,1572094016,306.51,306.51,306.51,10,66,5.01
srednekolymsk,RU,67.46,153.71,1572094016,251.44,251.44,251.44,88,0,1.54
edson,CA,53.59,-116.44,1572093911,272.15,272.15,272.15,92,90,4.6
santa cruz,BR,-6.22,-36.02,1572094016,304.23,304.23,304.23,45,16,5.86
trelew,AR,-43.25,-65.31,1572093947,292.79,292.79,292.79,29,100,7.52
pskov,RU,57.82,28.33,1572094017,285.15,285.15,285.15,76,75,8
otane,NZ,-39.89,176.62,1572094017,283.71,283.71,283.71,83,0,0.45
havelock,US,34.88,-76.9,1572094017,289.79,293.15,286.48,88,1,1.71
san luis de la paz,MX,21.3,-100.52,1572094017,285.93,286.48,285.37,94,16,1.34
santa rosa,AR,-36.62,-64.29,1572094017,292.33,292.33,292.33,69,100,4.82
san carlos de bariloche,AR,-41.13,-71.31,1572094017,280.41,281.15,279.82,81,75,8.7
lokosovo,RU,61.13,74.84,1572094017,269.7,269.7,269.7,82,92,3.27
hoopstad,ZA,-27.83,25.91,1572094017,307.96,307.96,307.96,10,6,9.16
new glasgow,CA,45.59,-62.65,1572093765,279.41,280.37,278.71,76,100,2.24
innisfail,AU,-17.52,146.03,1572093972,295.07,295.07,295.07,89,90,0.9
sambava,MG,-14.27,50.17,1572094018,303.09,303.09,303.09,47,38,2.95
katiola,CI,8.14,-5.1,1572094018,302.15,302.15,302.15,74,75,3.1
akureyri,IS,65.68,-18.09,1572094018,273.15,273.15,273.15,97,75,4.1
darhan,MN,49.49,105.92,1572094018,273.36,273.36,273.36,59,28,2.99
antalaha,MG,-14.9,50.28,1572094018,299.76,299.76,299.76,73,0,3.72
bitung,ID,1.44,125.19,1572094018,297.15,297.15,297.15,94,20,1.5
praia,BR,-20.25,-43.81,1572094018,300.15,300.15,300.15,57,18,2.1
bogyiszlo,HU,46.39,18.83,1572094018,295.15,295.15,295.15,49,0,1
namatanai,PG,-3.66,152.44,1572094018,301.57,301.57,301.57,71,92,2.07
teya,MX,21.05,-89.07,1572094018,296.56,297.59,295.15,100,75,0.68
san rafael,AR,-34.61,-68.33,1572094019,295.4,295.4,295.4,26,0,6.15
kalmunai,LK,7.42,81.82,1572094019,297.5,297.5,297.5,85,100,7.87
najran,SA,17.54,44.22,1572094019,305.15,305.15,305.15,14,20,3.1
ossora,RU,59.24,163.07,1572094019,271.71,271.71,271.71,69,0,1.93
meulaboh,ID,4.14,96.13,1572094019,300.86,300.86,300.86,71,100,1.4
sandwick,GB,54.57,-2.89,1572093938,279.25,282.04,277.04,93,100,5.1
zlocieniec,PL,53.53,16.01,1572094019,290.22,292.04,288.15,78,100,3.13
ballina,IE,54.11,-9.15,1572094019,280.38,281.15,279.82,70,40,5.1
imeni morozova,RU,59.98,31.04,1572094019,280.7,281.15,280.37,93,90,3
ostrovnoy,RU,68.05,39.51,1572094020,271.85,271.85,271.85,81,100,9.59
chiredzi,ZW,-21.05,31.67,1572094020,316.94,316.94,316.94,10,5,6.24
vestmannaeyjar,IS,63.44,-20.27,1572094020,275.15,275.15,275.15,62,0,5.1
salalah,OM,17.01,54.1,1572094020,303.15,303.15,303.15,66,78,3.6
popondetta,PG,-8.77,148.24,1572094020,291.53,291.53,291.53,93,100,0.99
ipua,BR,-20.44,-48.01,1572094020,301.98,301.98,301.98,51,0,2.47
liverpool,GB,53.41,-2.98,1572094020,279.18,280.37,278.15,100,75,2.1
batemans bay,AU,-35.71,150.18,1572094020,284.64,287.04,283.15,51,13,2.24
weyburn,CA,49.67,-103.85,1572094020,276.48,276.48,276.48,76,30,13.41
angoram,PG,-4.06,144.07,1572094024,297.32,297.32,297.32,94,95,0.85
belyy yar,RU,53.6,91.39,1572094024,274.15,274.15,274.15,86,40,5
hastings,NZ,-39.64,176.84,1572094024,285.5,285.5,285.5,75,0,2.95
cepu,ID,-7.14,111.59,1572094024,300.68,300.68,300.68,68,100,1.84
mount isa,AU,-20.73,139.49,1572094024,305.15,305.15,305.15,17,90,4.6
montepuez,MZ,-13.13,39,1572094024,310.72,310.72,310.72,16,0,3.57
bontang,ID,0.12,117.47,1572094024,301.45,301.45,301.45,75,47,2.73
yurino,RU,56.29,46.29,1572094024,283.15,283.15,283.15,76,75,10
sosnovo-ozerskoye,RU,52.53,111.54,1572094024,267.96,267.96,267.96,82,65,6.1
bindi,NG,12.86,8.84,1572094025,306.58,306.58,306.58,32,100,1.51
labis,MY,2.38,103.02,1572094025,298.44,298.44,298.44,89,100,0.79
half moon bay,US,37.46,-122.43,1572094025,285.95,292.04,281.15,81,90,1.31
nawa,IN,27.02,75,1572094025,302.28,302.28,302.28,22,0,3.14
sola,TZ,-3.17,33.8,1572094025,302.69,302.69,302.69,35,33,2.86
alta floresta,BR,-9.87,-56.08,1572094025,298.15,298.15,298.15,83,75,3.1
ratnagiri,IN,16.98,73.3,1572094025,297.75,297.75,297.75,90,100,3.31
richards bay,ZA,-28.77,32.06,1572094026,296.21,296.21,296.21,83,18,6.92
kahului,US,20.89,-156.47,1572093894,295.67,296.48,295.15,83,1,2.1
houston,US,29.76,-95.37,1572093908,283.36,284.26,282.59,81,90,3.1
mahendranagar,IN,28.02,81.63,1572094026,297.59,297.59,297.59,98,0,1.84
marsaxlokk,MT,35.84,14.54,1572094026,296.58,297.04,296.15,56,20,3.1
libreville,GA,0.39,9.45,1572094026,303.15,303.15,303.15,70,40,1.5
komsomolskiy,RU,67.55,63.78,1572094026,262.59,262.59,262.59,89,97,4.55
la plata,AR,-34.92,-57.95,1572094026,296.82,299.82,295.15,53,0,4.6
tashtyp,RU,52.8,89.89,1572094026,271.93,271.93,271.93,90,100,6.4
auki,NG,12.18,6.51,1572094026,305.02,305.02,305.02,41,82,2.65
cua,VE,10.16,-66.89,1572094027,297.53,300.15,295.93,78,20,1.5
lieksa,FI,63.32,30.02,1572094027,277.12,277.12,277.12,91,100,6.42
buritis,BR,-15.62,-46.42,1572094027,300.25,300.25,300.25,60,100,1.93
tamala,RU,52.54,43.26,1572094027,287.61,287.61,287.61,63,19,6.02
chaihe,CN,44.77,129.68,1572094027,271.79,271.79,271.79,62,0,1.76
teahupoo,PF,-17.83,-149.27,1572094027,297.09,297.15,297.04,73,20,1.5
concepcion del oro,MX,24.63,-101.42,1572094027,281.48,281.48,281.48,78,0,1.46
cabanas,BR,-8.41,-36.34,1572094027,300.69,300.69,300.69,50,54,6.7
semnan,IR,35.58,53.39,1572094027,289.07,289.07,289.07,55,100,3.78
ler,NO,63.2,10.3,1572094027,276.93,278.15,275.37,80,0,0.5
ostersund,SE,63.18,14.64,1572093784,278.51,278.71,278.15,65,0,2.6
krasnoarmeysk,RU,56.12,38.15,1572094028,286.51,287.04,286.15,62,100,8
henties bay,NA,-22.12,14.28,1572094028,290.93,290.93,290.93,84,39,4.47
westport,US,41.14,-73.36,1572093903,283.27,286.48,279.82,76,1,4.79
beian,NO,63.66,9.57,1572094028,278.01,281.48,275.37,75,40,3.6
birsk,RU,55.42,55.54,1572094028,283.96,283.96,283.96,76,87,7.42
san jose de rio tinto,HN,14.93,-85.7,1572094028,291.35,291.35,291.35,98,67,0.73
saint-pierre,FR,48.95,4.24,1572094028,291.75,293.15,290.15,72,87,6.7
byron bay,AU,-28.65,153.62,1572094078,294.65,296.15,293.71,83,90,7.7
nanakuli,US,21.39,-158.15,1572094029,297.58,299.15,295.93,83,40,2.1
malko tarnovo,TR,41.98,27.52,1572094029,292.29,293.15,291.48,56,40,4.6
chernenko,UA,47.23,37.74,1572094029,287.79,287.79,287.79,65,0,2.73
puteyets,RU,65.17,57.09,1572094029,275.97,275.97,275.97,99,100,3.74
noumea,NC,-22.28,166.46,1572093760,294.47,296.48,292.15,63,75,0.5
knysna,ZA,-34.04,23.05,1572094029,293.15,293.15,293.15,68,75,5.1
gizo,IL,31.8,34.94,1572094029,297.03,298.15,296.48,50,90,4.1
cabitan,PH,12.29,123.34,1572094029,300.67,300.67,300.67,81,29,6.45
abnub,EG,27.27,31.15,1572094029,300.63,300.63,300.63,42,44,7.36
butembo,CD,0.12,29.29,1572094030,296.85,296.85,296.85,64,80,2.63
sobolevo,RU,54.43,31.9,1572094030,285.86,285.86,285.86,71,100,5.79
tiznit,MA,29.7,-9.73,1572094030,300.67,300.67,300.67,30,95,2.92
yulara,AU,-25.24,130.99,1572094030,300.15,300.15,300.15,15,26,5.7
gamba,CN,28.28,88.52,1572094030,273.93,273.93,273.93,38,6,5.11
palu,ID,-0.9,119.87,1572094030,293.36,293.36,293.36,98,94,0.46
port hedland,AU,-20.31,118.58,1572094030,300.15,300.15,300.15,83,0,3.6
willmar,US,45.12,-95.04,1572094030,277.19,278.15,276.15,63,1,7.2
marquette,US,46.54,-87.4,1572093739,274.88,277.04,271.15,86,5,3.6
khash,IR,28.22,61.21,1572094030,300.26,300.26,300.26,15,0,6.25
viedma,AR,-40.81,-62.99,1572094031,291.09,291.09,291.09,51,100,8.94
azare,NG,11.67,10.19,1572094031,305.72,305.72,305.72,42,54,2.89
brattleboro,US,42.85,-72.56,1572094031,279.1,280.93,277.04,100,90,1.78
eyl,SO,7.98,49.82,1572094031,300.15,300.15,300.15,72,100,4.83
menziken,CH,47.24,8.19,1572094031,290.18,292.59,287.04,67,0,1.02
chihuahua,MX,28.66,-106.08,1572093818,275.93,275.93,275.93,73,0,1.8
sabang,PH,13.8,121.11,1572094031,299.82,299.82,299.82,86,25,1.79
sompeta,IN,18.93,84.6,1572094031,298.01,298.01,298.01,91,97,1.28
san andres,PH,13.32,122.68,1572094031,298.37,298.37,298.37,86,32,3.55
anadyr,RU,64.73,177.51,1572094032,256.04,256.15,255.93,91,0,4
gat,SN,14.69,-16.54,1572094032,306.02,308.15,304.15,53,85,3.1
shingu,JP,33.72,135.99,1572094032,293.54,293.54,293.54,64,72,3.99
indapur,IN,18.31,73.24,1572094032,299.09,299.09,299.09,88,100,1.5
hun,BE,50.34,4.87,1572094032,291.34,292.15,289.82,59,96,7.7
nieuw amsterdam,SR,5.88,-55.08,1572094032,301.95,303.71,300.93,79,20,4.19
zabol,IR,31.03,61.49,1572094032,303.15,303.15,303.15,16,36,4.1
